{
    "accuracy": 0.848564525298465,
    "precision": 0.831009920239885,
    "recall": 0.848564525298465,
    "f1_score": 0.7996464252811787
}