{
    "accuracy": 0.8487777146105742,
    "precision": 0.7974878388769293,
    "recall": 0.8487777146105742,
    "f1_score": 0.7999501732827949
}