{
    "accuracy": 0.8590108015918135,
    "precision": 0.8127007607511835,
    "recall": 0.8590108015918135,
    "f1_score": 0.8310922196631748
}