{
    "accuracy": 0.8926236498010233,
    "precision": 0.8681606527404937,
    "recall": 0.8926236498010233,
    "f1_score": 0.8779896569769192
}