{
    "accuracy": 0.8927657760090961,
    "precision": 0.8682302106450193,
    "recall": 0.8927657760090961,
    "f1_score": 0.8781003713764917
}