{
    "accuracy": 0.8924815235929505,
    "precision": 0.8678022556741888,
    "recall": 0.8924815235929505,
    "f1_score": 0.877736280108446
}