{
    "accuracy": 0.8494172825469016,
    "precision": 0.7724399650018693,
    "recall": 0.8494172825469016,
    "f1_score": 0.7997310845029316
}