{
    "accuracy": 0.8600767481523593,
    "precision": 0.8129429751128908,
    "recall": 0.8600767481523593,
    "f1_score": 0.8319030279392314
}