{
    "accuracy": 0.8497015349630472,
    "precision": 0.7863678003012972,
    "recall": 0.8497015349630472,
    "f1_score": 0.8003549457449785
}